url,status_code,depth,parent_url,title
https://www.bancodebogota.com/pymes,404,1,https://www.bancodebogota.com/,Pagina 404 - bancodebogota.com
https://www.bancodebogota.com/atenci%C3%B3n-al-cliente/preguntas-frecuentes/medios-de-pago/datafono-fisico,404,2,https://www.bancodebogota.com/atencion-al-cliente/preguntas-frecuentes/medios-de-pago,Pagina 404 - bancodebogota.com
https://www.bancodebogota.com/servilinea,404,2,https://www.bancodebogota.com/atencion-al-cliente/preguntas-frecuentes/tarjeta-credito-empresas,Pagina 404 - bancodebogota.com
https://www.bancodebogota.com/atencion-al-cliente/preguntas-frecuentes/credito-de-vivienda,404,2,https://www.bancodebogota.com/educacion-financiera/simulador-credito-vivienda,Pagina 404 - bancodebogota.com
https://www.bancodebogota.com/empresas/productos-de-credito/capital-de-trabajo/cupo-rotativo-para-pago,404,2,https://www.bancodebogota.com/empresas/productos-de-credito/capital-de-trabajo,Pagina 404 - bancodebogota.com
https://www.bancodebogota.com/consulta-tasas-y-tarifas,404,2,https://www.bancodebogota.com/empresas/tarjetas-de-credito/logros,Pagina 404 - bancodebogota.com
https://www.bancodebogota.com/cercademi/colombia/results-bogota/Ver%20Todas,404,2,https://www.bancodebogota.com/nuestra-organizacion/transparencia/politicas-de-cobro/cobranza-prejudicial,Pagina 404 - bancodebogota.com
https://www.bancodebogota.com/bienvenida/credito-libre-inversion,404,2,https://www.bancodebogota.com/personas/bienvenida,Pagina 404 - bancodebogota.com
https://www.bancodebogota.com/personas/virtual.bancodebogota.com.co,404,2,https://www.bancodebogota.com/personas/opciones-ponerte-al-dia,Pagina 404 - bancodebogota.com
https://www.bancodebogota.com/personas/tarjetas-de-credito/www.viajesbancodebogota.com/ofertas-de-viajes/fiesta-del-futbol,404,2,https://www.bancodebogota.com/personas/tarjetas-de-credito/black-week,Pagina 404 - bancodebogota.com
https://www.bancodebogota.com/personas/tarjetas-de-credito/visa.com.co/es_co/promociones/servicios-medicos-de-emergencia-internacional/153027,404,2,https://www.bancodebogota.com/personas/tarjetas-de-credito/infinite,Pagina 404 - bancodebogota.com
https://www.bancodebogota.com/tarjetas-de-credito/economia,404,2,https://www.bancodebogota.com/personas/tarjetas-de-credito/sin-cuota-de-manejo,Pagina 404 - bancodebogota.com
https://www.bancodebogota.com/fundacion-banco-de-bogota/educacion-y-bienestar-social/paola-monroy,404,2,https://www.bancodebogota.com/sostenibilidad/fundacion-banco-de-bogota/educacion-y-bienestar-social/astrid-sarria,Pagina 404 - bancodebogota.com
https://www.bancodebogota.com/fundacion-banco-de-bogota/educacion-y-bienestar-social/alejandro-torres,404,2,https://www.bancodebogota.com/sostenibilidad/fundacion-banco-de-bogota/educacion-y-bienestar-social/astrid-sarria,Pagina 404 - bancodebogota.com
https://www.bancodebogota.com/fundacion-banco-de-bogota/educacion-y-bienestar-social/cristian-ropero,404,2,https://www.bancodebogota.com/sostenibilidad/fundacion-banco-de-bogota/educacion-y-bienestar-social/astrid-sarria,Pagina 404 - bancodebogota.com
https://www.bancodebogota.com/sostenibiidad/fundacion-banco-de-bogota/educacion-y-bienestar-social/paola-monroy,404,2,https://www.bancodebogota.com/sostenibilidad/fundacion-banco-de-bogota/educacion-y-bienestar-social/alejandro-torres,Pagina 404 - bancodebogota.com
https://www.bancodebogota.com/fundacion-banco-de-bogota/educacion-y-bienestar-social/astrid-sarria,404,2,https://www.bancodebogota.com/sostenibilidad/fundacion-banco-de-bogota/educacion-y-bienestar-social/paola-monroy,Pagina 404 - bancodebogota.com
https://www.bancodebogota.com/programa-anticorrupcion-antisoborno,404,2,https://www.bancodebogota.com/transparencia,Pagina 404 - bancodebogota.com
https://www.bancodebogota.com/BuscadordePuntosbogota/?entidad=bogota,404,2,https://www.bancodebogota.com/tyc/2025-mac-center-0-intereses,Pagina 404 - bancodebogota.com
https://www.bancodebogota.com/portal/page?_pageid=1773%2C163547093&_dad=portal&_schema=PORTAL,404,3,https://www.bancodebogota.com/wps/themes/html/minisitios/libranzas/index.html,Pagina 404 - bancodebogota.com
https://www.bancodebogota.com/atencion-al-cliente/servilinea,404,3,https://www.bancodebogota.com/personas/cuenta-de-ahorros/tarjetas-debito/amazonia,Pagina 404 - bancodebogota.com
https://www.bancodebogota.com/personas/creditos/vivienda/vivienda,404,3,https://www.bancodebogota.com/personas/creditos/portafolio-vivienda/credito-remodelacion,Pagina 404 - bancodebogota.com
https://www.bancodebogota.com/seguros/cuota-protegida-independientes-crediservice,404,3,https://www.bancodebogota.com/personas/seguros,Pagina 404 - bancodebogota.com
"https://www.bancodebogota.com/fifa-2026/https.www.google.com/maps/place/AT%26T+Stadium/@32.7479966,-97.0959914,17z/data=!3m1!4b1!4m6!3m5!1s0x864e7d86c8884727:0x6d1e60e88c6a9df8!8m2!3d32.7479966!4d-97.0934165!16zL20vMGc5djFx?entry=ttu&g_ep=EgoyMDI1MTAxMi4wIKXMDSoASAFQAw%3D%3D",404,3,https://www.bancodebogota.com/fifa-2026/sedes,Pagina 404 - bancodebogota.com
https://www.bancodebogota.com/fifa-2026/hospitality-packages,404,3,https://www.bancodebogota.com/fifa-2026/cuanto-cuesta-ir-al-mundial,Pagina 404 - bancodebogota.com
https://www.bancodebogota.com/mitrabajo,404,4,https://www.bancodebogota.com/wps/themes/html/banco-de-bogota/landings/emase-nomina/index.html,Pagina 404 - bancodebogota.com
