from_wps_url,to_clean_url,n_hops,redirect_type,final_status
https://www.bancodebogota.com/wps/portal/banco-bogota/bienvenido/investigaciones-economicas,https://www.bancodebogota.com/personas,2,http_3xx,200
https://www.bancodebogota.com/wps/portal/banco-de-bogota/bogota,https://www.bancodebogota.com/personas,1,http_3xx,200
https://www.bancodebogota.com/wps/portal/banco-de-bogota/bogota/,https://www.bancodebogota.com/personas,1,http_3xx,200
https://www.bancodebogota.com/wps/portal/banco-de-bogota/bogota/atencion-al-cliente/,https://www.bancodebogota.com/atencion-al-cliente,1,http_3xx,200
https://www.bancodebogota.com/wps/portal/banco-de-bogota/bogota/atencion-al-cliente/canales-electronicos,https://www.bancodebogota.com/atencion-al-cliente/canales/canales-digitales,1,http_3xx,200
https://www.bancodebogota.com/wps/portal/banco-de-bogota/bogota/atencion-al-cliente/canales-electronicos/beneficios,https://www.bancodebogota.com/atencion-al-cliente/canales/canales-digitales,1,http_3xx,200
https://www.bancodebogota.com/wps/portal/banco-de-bogota/bogota/atencion-al-cliente/canales-electronicos/canales/bancamovil,https://play.google.com/store/apps/details?id=com.bancodebogota.bancamovil,2,js,200
https://www.bancodebogota.com/wps/portal/banco-de-bogota/bogota/atencion-al-cliente/canales-electronicos/canales/cajeros,https://www.bancodebogota.com/atencion-al-cliente/canales/canales-electronicos/cajeros,1,http_3xx,200
https://www.bancodebogota.com/wps/portal/banco-de-bogota/bogota/atencion-al-cliente/canales-electronicos/canales/corresponsales-bancarios,https://www.bancodebogota.com/atencion-al-cliente/canales/canales-de-atencion-presencial/corresponsales-bancarios,1,http_3xx,200
https://www.bancodebogota.com/wps/portal/banco-de-bogota/bogota/atencion-al-cliente/canales-electronicos/canales/kiosko,https://www.bancodebogota.com/atencion-al-cliente/canales/canales-electronicos,1,http_3xx,200
https://www.bancodebogota.com/wps/portal/banco-de-bogota/bogota/atencion-al-cliente/canales-electronicos/canales/multifuncional,https://www.bancodebogota.com/atencion-al-cliente/canales/canales-electronicos/multifuncional,1,http_3xx,200
https://www.bancodebogota.com/wps/portal/banco-de-bogota/bogota/atencion-al-cliente/canales-electronicos/canales/oficinas/todas-las-oficinas,https://www.bancodebogota.com/atencion-al-cliente/canales/canales-de-atencion-presencial/oficinas,1,http_3xx,200
https://www.bancodebogota.com/wps/portal/banco-de-bogota/bogota/atencion-al-cliente/canales-electronicos/canales/portal-internet,https://www.bancodebogota.com/atencion-al-cliente/canales/canales-digitales/banca-virtual,1,http_3xx,200
https://www.bancodebogota.com/wps/portal/banco-de-bogota/bogota/atencion-al-cliente/canales-electronicos/canales/servilinea,https://www.bancodebogota.com/atencion-al-cliente/servilineas,1,http_3xx,200
https://www.bancodebogota.com/wps/portal/banco-de-bogota/bogota/atencion-al-cliente/canales-electronicos/canales/todos-canales,https://www.bancodebogota.com/atencion-al-cliente/canales/canales-electronicos,1,http_3xx,200
https://www.bancodebogota.com/wps/portal/banco-de-bogota/bogota/atencion-al-cliente/canales-electronicos/programa-pagos/programacion-notificaciones,https://www.bancodebogota.com/atencion-al-cliente/canales/transacciones/programacion-de-pagos,1,http_3xx,200
https://www.bancodebogota.com/wps/portal/banco-de-bogota/bogota/atencion-al-cliente/canales-electronicos/transacciones/bloqueos,https://www.bancodebogota.com/atencion-al-cliente/canales/transacciones/bloqueos,1,http_3xx,200
https://www.bancodebogota.com/wps/portal/banco-de-bogota/bogota/atencion-al-cliente/canales-electronicos/transacciones/compras,https://www.bancodebogota.com/atencion-al-cliente/canales/transacciones/compras,1,http_3xx,200
https://www.bancodebogota.com/wps/portal/banco-de-bogota/bogota/atencion-al-cliente/canales-electronicos/transacciones/consultas,https://www.bancodebogota.com/atencion-al-cliente/canales/transacciones/consultas,1,http_3xx,200
https://www.bancodebogota.com/wps/portal/banco-de-bogota/bogota/atencion-al-cliente/canales-electronicos/transacciones/pagos,https://www.bancodebogota.com/atencion-al-cliente/canales/transacciones/pagos,1,http_3xx,200
https://www.bancodebogota.com/wps/portal/banco-de-bogota/bogota/atencion-al-cliente/canales-electronicos/transacciones/solicitudes-confirmaciones,https://www.bancodebogota.com/atencion-al-cliente/canales/transacciones/extractos-certificados,1,http_3xx,200
https://www.bancodebogota.com/wps/portal/banco-de-bogota/bogota/atencion-al-cliente/canales-electronicos/transacciones/transferencias-utilizaciones,https://www.bancodebogota.com/atencion-al-cliente/canales/transacciones/transferencias-utilizaciones,1,http_3xx,200
https://www.bancodebogota.com/wps/portal/banco-de-bogota/bogota/atencion-al-cliente/disponibilidad-de-canales,https://www.bancodebogota.com/atencion-al-cliente/canales/disponibilidad-de-canales,1,http_3xx,200
https://www.bancodebogota.com/wps/portal/banco-de-bogota/bogota/atencion-al-cliente/impuestos,https://www.bancodebogota.com/atencion-al-cliente/impuestos,1,http_3xx,200
https://www.bancodebogota.com/wps/portal/banco-de-bogota/bogota/atencion-al-cliente/necesita-ayuda,https://www.bancodebogota.com/atencion-al-cliente,1,http_3xx,200
https://www.bancodebogota.com/wps/portal/banco-de-bogota/bogota/atencion-al-cliente/necesita-ayuda/cat,https://www.bancodebogota.com/atencion-al-cliente/servilineas,1,http_3xx,200
https://www.bancodebogota.com/wps/portal/banco-de-bogota/bogota/atencion-al-cliente/necesita-ayuda/chat,https://www.bancodebogota.com/atencion-al-cliente,1,http_3xx,200
https://www.bancodebogota.com/wps/portal/banco-de-bogota/bogota/atencion-al-cliente/necesita-ayuda/preguntas-frecuentes,https://www.bancodebogota.com/atencion-al-cliente/preguntas-frecuentes,1,http_3xx,200
https://www.bancodebogota.com/wps/portal/banco-de-bogota/bogota/atencion-al-cliente/necesita-ayuda/servilineas,https://www.bancodebogota.com/atencion-al-cliente/servilineas,1,http_3xx,200
https://www.bancodebogota.com/wps/portal/banco-de-bogota/bogota/atencion-al-cliente/proteccion-al-consumidor,https://www.bancodebogota.com/atencion-al-cliente/proteccion-al-consumidor,1,http_3xx,200
https://www.bancodebogota.com/wps/portal/banco-de-bogota/bogota/atencion-al-cliente/proteccion-al-consumidor/defensor-del-consumidor,https://www.bancodebogota.com/atencion-al-cliente/defensor-del-consumidor,1,http_3xx,200
https://www.bancodebogota.com/wps/portal/banco-de-bogota/bogota/atencion-al-cliente/proteccion-al-consumidor/ley-de-proteccion,https://www.bancodebogota.com/atencion-al-cliente/proteccion-al-consumidor/ley-de-proteccion,1,http_3xx,200
https://www.bancodebogota.com/wps/portal/banco-de-bogota/bogota/atencion-al-cliente/proteccion-al-consumidor/superintendencia-financiera,https://www.bancodebogota.com/atencion-al-cliente/proteccion-al-consumidor/superintendencia-financiera,1,http_3xx,200
https://www.bancodebogota.com/wps/portal/banco-de-bogota/bogota/atencion-al-cliente/puntos-de-atencion,https://www.bancodebogota.com/atencion-al-cliente/canales/canales-de-atencion-presencial,1,http_3xx,200
https://www.bancodebogota.com/wps/portal/banco-de-bogota/bogota/atencion-al-cliente/seguridad,https://www.bancodebogota.com/atencion-al-cliente,1,http_3xx,200
https://www.bancodebogota.com/wps/portal/banco-de-bogota/bogota/atencion-al-cliente/seguridad-bancaria,https://www.bancodebogota.com/atencion-al-cliente/seguridad-bancaria,1,http_3xx,200
https://www.bancodebogota.com/wps/portal/banco-de-bogota/bogota/atencion-al-cliente/seguridad/seguridad-en-cajeros/perdida-de-confidencialidad,https://www.bancodebogota.com/atencion-al-cliente/seguridad-bancaria/seguridad-en-cajeros/perdida-confidencialidad,1,http_3xx,200
https://www.bancodebogota.com/wps/portal/banco-de-bogota/bogota/atencion-al-cliente/seguridad/seguridad-en-internet/el-phishing,https://www.bancodebogota.com/atencion-al-cliente,1,http_3xx,200
https://www.bancodebogota.com/wps/portal/banco-de-bogota/bogota/atencion-al-cliente/seguridad/seguridad-en-oficinas/el-fleteo,https://www.bancodebogota.com/atencion-al-cliente/seguridad-bancaria/seguridad-en-oficinas/fleteo,1,http_3xx,200
https://www.bancodebogota.com/wps/portal/banco-de-bogota/bogota/atencion-al-cliente/seguridad/seguridad-en-oficinas/falsificacion,https://www.bancodebogota.com/atencion-al-cliente/seguridad-bancaria/seguridad-cheques-consignaciones/falsificacion-o-adulteracion,1,http_3xx,200
https://www.bancodebogota.com/wps/portal/banco-de-bogota/bogota/atencion-al-cliente/seguridad/seguridad-en-tu-celular/aplicacion-movil,https://www.bancodebogota.com/atencion-al-cliente/seguridad-bancaria/seguridad-en-tu-celular/aplicacion-movil,1,http_3xx,200
https://www.bancodebogota.com/wps/portal/banco-de-bogota/bogota/bancas/para-empresas/banca-empresarial,https://www.bancodebogota.com/banca-empresas/empresarial,1,http_3xx,200
https://www.bancodebogota.com/wps/portal/banco-de-bogota/bogota/bancas/para-empresas/banca-institucional,https://www.bancodebogota.com/banca-empresas/institucional,1,http_3xx,200
https://www.bancodebogota.com/wps/portal/banco-de-bogota/bogota/bancas/para-empresas/banca-oficial,https://www.bancodebogota.com/banca-empresas/oficial,1,http_3xx,200
https://www.bancodebogota.com/wps/portal/banco-de-bogota/bogota/bancas/para-empresas/banca-pyme,https://www.bancodebogota.com/banca-empresas/pyme,1,http_3xx,200
https://www.bancodebogota.com/wps/portal/banco-de-bogota/bogota/bancas/para-empresas/banca-social,https://www.bancodebogota.com/banca-empresas/social,1,http_3xx,200
https://www.bancodebogota.com/wps/portal/banco-de-bogota/bogota/bancas/para-ti/banca-experiencia,https://www.bancodebogota.com/banca-personas/pensionados,1,http_3xx,200
https://www.bancodebogota.com/wps/portal/banco-de-bogota/bogota/bancas/para-ti/banca-infantil,https://www.bancodebogota.com/banca-personas/infantil,1,http_3xx,200
https://www.bancodebogota.com/wps/portal/banco-de-bogota/bogota/bancas/para-ti/banca-joven,https://www.bancodebogota.com/banca-personas/joven,1,http_3xx,200
https://www.bancodebogota.com/wps/portal/banco-de-bogota/bogota/bancas/para-ti/banca-microempresas,https://www.bancodebogota.com/banca-empresas/microempresas,1,http_3xx,200
https://www.bancodebogota.com/wps/portal/banco-de-bogota/bogota/bancas/para-ti/banca-microfinanzas,https://www.bancodebogota.com/empresas,2,http_3xx,200
https://www.bancodebogota.com/wps/portal/banco-de-bogota/bogota/bancas/para-ti/banca-personas,https://www.bancodebogota.com/banca-personas,1,http_3xx,200
https://www.bancodebogota.com/wps/portal/banco-de-bogota/bogota/bancas/para-ti/banca-preferente,https://www.bancodebogota.com/banca-personas/preferente,1,http_3xx,200
https://www.bancodebogota.com/wps/portal/banco-de-bogota/bogota/bancas/para-ti/banca-premium,https://www.bancodebogota.com/banca-personas/premium,1,http_3xx,200
https://www.bancodebogota.com/wps/portal/banco-de-bogota/bogota/beneficios,https://www.bancodebogota.com/personas/beneficios,1,http_3xx,200
https://www.bancodebogota.com/wps/portal/banco-de-bogota/bogota/beneficios/plan-lealtad-mejores-puntos,https://www.bancodebogota.com/personas/beneficios/plan-lealtad-mejores-puntos,1,http_3xx,200
https://www.bancodebogota.com/wps/portal/banco-de-bogota/bogota/beneficios/programa-lealtad-tuplus,https://www.bancodebogota.com/personas/beneficios/programa-lealtad-tuplus,1,http_3xx,200
https://www.bancodebogota.com/wps/portal/banco-de-bogota/bogota/educacion-financiera,https://www.bancodebogota.com/educacion-financiera,1,http_3xx,200
https://www.bancodebogota.com/wps/portal/banco-de-bogota/bogota/educacion-financiera/aprende-sobre-tarjetas-de-credito/articulos-de-interes,https://www.bancodebogota.com/educacion-financiera/tarjeta-de-credito/como-funcionan-las-tarjetas-de-credito,1,http_3xx,200
https://www.bancodebogota.com/wps/portal/banco-de-bogota/bogota/educacion-financiera/articulos-educacion-financiera/ahorro-inversion,https://www.bancodebogota.com/educacion-financiera/economia-familiar/que-es-y-como-aumentar-el-patrimonio,1,http_3xx,200
https://www.bancodebogota.com/wps/portal/banco-de-bogota/bogota/educacion-financiera/articulos-educacion-financiera/ahorro-inversion/en-la-medida-justa,https://www.bancodebogota.com/educacion-financiera/creditos/beneficios-de-tener-una-buena-vida-crediticia,1,http_3xx,200
https://www.bancodebogota.com/wps/portal/banco-de-bogota/bogota/educacion-financiera/articulos-educacion-financiera/ahorro-inversion/invertir-es-ganar,https://www.bancodebogota.com/educacion-financiera/inversion/tipos-de-inversion,1,http_3xx,200
https://www.bancodebogota.com/wps/portal/banco-de-bogota/bogota/educacion-financiera/articulos-educacion-financiera/ahorro-inversion/invirtiendo-con-nosotros,https://www.bancodebogota.com/educacion-financiera/inversion/tipos-de-inversion,1,http_3xx,200
https://www.bancodebogota.com/wps/portal/banco-de-bogota/bogota/educacion-financiera/articulos-educacion-financiera/credito-endeudamiento/analizando-los-riesgos,https://www.bancodebogota.com/educacion-financiera/creditos/antes-de-pedir-un-credito,1,http_3xx,200
https://www.bancodebogota.com/wps/portal/banco-de-bogota/bogota/educacion-financiera/articulos-educacion-financiera/credito-endeudamiento/como-funcionan-las-tarjetas-de-credito,https://www.bancodebogota.com/educacion-financiera/como-funciona-una-tarjeta-de-credito,1,http_3xx,200
https://www.bancodebogota.com/wps/portal/banco-de-bogota/bogota/educacion-financiera/articulos-educacion-financiera/credito-endeudamiento/el-endeudamiento-y-los-creditos,https://www.bancodebogota.com/educacion-financiera/creditos/antes-de-pedir-un-credito,1,http_3xx,200
https://www.bancodebogota.com/wps/portal/banco-de-bogota/bogota/educacion-financiera/articulos-educacion-financiera/credito-endeudamiento/pedir-prestado-cuesta,https://www.bancodebogota.com/educacion-financiera/creditos/antes-de-pedir-un-credito,1,http_3xx,200
https://www.bancodebogota.com/wps/portal/banco-de-bogota/bogota/educacion-financiera/articulos-educacion-financiera/credito-endeudamiento/se-responsable-con-el-dinero-plastico,https://www.bancodebogota.com/educacion-financiera/tarjeta-de-credito/como-funcionan-las-tarjetas-de-credito,1,http_3xx,200
https://www.bancodebogota.com/wps/portal/banco-de-bogota/bogota/educacion-financiera/articulos-educacion-financiera/credito-endeudamiento/todo-sobre-los-creditos,https://www.bancodebogota.com/educacion-financiera/creditos/todo-sobre-los-tipos-de-credito,1,http_3xx,200
https://www.bancodebogota.com/wps/portal/banco-de-bogota/bogota/educacion-financiera/articulos-educacion-financiera/economia-familiar/cuanto-vale-estudiar,https://www.bancodebogota.com/educacion-financiera/economia-familiar/cuanto-vale-estudiar,1,http_3xx,200
https://www.bancodebogota.com/wps/portal/banco-de-bogota/bogota/educacion-financiera/articulos-educacion-financiera/economia-familiar/tu-patrimonio,https://www.bancodebogota.com/educacion-financiera/economia-familiar/que-es-y-como-aumentar-el-patrimonio,1,http_3xx,200
https://www.bancodebogota.com/wps/portal/banco-de-bogota/bogota/educacion-financiera/articulos-educacion-financiera/presupuesto-personal/a-planear-tu-presupuesto,https://www.bancodebogota.com/educacion-financiera/economia-familiar/como-hacer-un-presupuesto,1,http_3xx,200
https://www.bancodebogota.com/wps/portal/banco-de-bogota/bogota/educacion-financiera/articulos-educacion-financiera/presupuesto-personal/quien-me-ayuda-a-ahorrar,https://www.bancodebogota.com/educacion-financiera/economia-familiar/como-hacer-un-presupuesto,1,http_3xx,200
https://www.bancodebogota.com/wps/portal/banco-de-bogota/bogota/educacion-financiera/articulos-educacion-financiera/que-es-un-banco/como-se-origino-el-dinero,https://www.bancodebogota.com/educacion-financiera/nuestra-organizacion/historia-del-dinero,1,http_3xx,200
https://www.bancodebogota.com/wps/portal/banco-de-bogota/bogota/educacion-financiera/articulos-educacion-financiera/que-es-un-banco/los-bancos-aliados,https://www.bancodebogota.com/educacion-financiera,1,http_3xx,200
https://www.bancodebogota.com/wps/portal/banco-de-bogota/bogota/educacion-financiera/articulos-educacion-financiera/que-es-un-banco/sabes-como-funciona-la-economia,https://www.bancodebogota.com/educacion-financiera/nuestra-organizacion/como-funciona-la-economia,1,http_3xx,200
https://www.bancodebogota.com/wps/portal/banco-de-bogota/bogota/educacion-financiera/articulos-educacion-financiera/seguridad-financiera-home,https://www.bancodebogota.com/educacion-financiera,2,http_3xx,200
https://www.bancodebogota.com/wps/portal/banco-de-bogota/bogota/educacion-financiera/articulos-educacion-financiera/seguridad-financiera/alguien-que-te-cuida,https://www.bancodebogota.com/educacion-financiera/nuestra-organizacion/defensor-del-consumidor,1,http_3xx,200
https://www.bancodebogota.com/wps/portal/banco-de-bogota/bogota/educacion-financiera/articulos-educacion-financiera/seguridad-financiera/deberes-y-derechos-del-consumidor-financiero,https://www.bancodebogota.com/educacion-financiera/nuestra-organizacion/deberes-y-derechos-del-consumidor-financiero,1,http_3xx,200
https://www.bancodebogota.com/wps/portal/banco-de-bogota/bogota/educacion-financiera/articulos-educacion-financiera/seguridad-financiera/los-seguros-para-una-vida-tranquila,https://www.bancodebogota.com/educacion-financiera/economia-familiar/que-es-un-seguro-y-cuales-son-los-tipos,1,http_3xx,200
https://www.bancodebogota.com/wps/portal/banco-de-bogota/bogota/educacion-financiera/articulos-educacion-financiera/seguridad-financiera/que-es-banca-movil,https://www.bancodebogota.com/educacion-financiera,1,http_3xx,200
https://www.bancodebogota.com/wps/portal/banco-de-bogota/bogota/educacion-financiera/buen-manejo-de-tus-pagos/ley-de-habeas-data,https://www.bancodebogota.com/educacion-financiera/nuestra-organizacion/ley-de-habeas-data,1,http_3xx,200
https://www.bancodebogota.com/wps/portal/banco-de-bogota/bogota/empresas/,https://www.bancodebogota.com/empresas,1,http_3xx,200
https://www.bancodebogota.com/wps/portal/banco-de-bogota/bogota/formato-apertura-productos,https://www.bancodebogota.com/personas/informacion-productos-servicios/formato-apertura-productos,1,http_3xx,200
https://www.bancodebogota.com/wps/portal/banco-de-bogota/bogota/informacion-productos-servicios,https://www.bancodebogota.com/personas/informacion-productos-servicios,1,http_3xx,200
https://www.bancodebogota.com/wps/portal/banco-de-bogota/bogota/nuestra-organizacion/sala-de-prensa/2019/capacitacion-educacion-financiera-banco-de-bogota,https://www.bancodebogota.com/educacion-financiera,2,http_3xx,200
https://www.bancodebogota.com/wps/portal/banco-de-bogota/bogota/personas,https://www.bancodebogota.com/personas,1,http_3xx,200
https://www.bancodebogota.com/wps/portal/banco-de-bogota/bogota/personas/,https://www.bancodebogota.com/personas,1,http_3xx,200
https://www.bancodebogota.com/wps/portal/banco-de-bogota/bogota/productos/para-empresas/soluciones-de-comercio-internacional-y-tesoreria,https://www.bancodebogota.com/empresas/comercio-internacional-y-tesoreria,1,http_3xx,200
https://www.bancodebogota.com/wps/portal/banco-de-bogota/bogota/productos/para-empresas/soluciones-de-credito-constructor,https://www.bancodebogota.com/empresas/productos-de-credito/credito-constructor,1,http_3xx,200
https://www.bancodebogota.com/wps/portal/banco-de-bogota/bogota/productos/para-empresas/soluciones-de-financiacion,https://www.bancodebogota.com/empresas/productos-de-credito,1,http_3xx,200
https://www.bancodebogota.com/wps/portal/banco-de-bogota/bogota/productos/para-empresas/soluciones-de-informacion,https://www.bancodebogota.com/empresas/soluciones-de-informacion,1,http_3xx,200
https://www.bancodebogota.com/wps/portal/banco-de-bogota/bogota/productos/para-empresas/soluciones-de-inversion-y-liquidez,https://www.bancodebogota.com/empresas/inversion-y-liquidez,1,http_3xx,200
https://www.bancodebogota.com/wps/portal/banco-de-bogota/bogota/productos/para-empresas/soluciones-de-leasing,https://www.bancodebogota.com/empresas/leasing,1,http_3xx,200
https://www.bancodebogota.com/wps/portal/banco-de-bogota/bogota/productos/para-empresas/soluciones-de-leasing/,https://www.bancodebogota.com/empresas/leasing,1,http_3xx,200
https://www.bancodebogota.com/wps/portal/banco-de-bogota/bogota/productos/para-empresas/soluciones-de-logistica,https://www.bancodebogota.com/empresas/soluciones-de-logistica,1,http_3xx,200
https://www.bancodebogota.com/wps/portal/banco-de-bogota/bogota/productos/para-empresas/soluciones-de-recaudo-y-pagos,https://www.bancodebogota.com/empresas/recaudos-y-pagos,1,http_3xx,200
https://www.bancodebogota.com/wps/portal/banco-de-bogota/bogota/productos/para-empresas/soluciones-fiduciarias,https://www.bancodebogota.com/empresas/inversion-y-liquidez/fiducias,1,http_3xx,200
https://www.bancodebogota.com/wps/portal/banco-de-bogota/bogota/productos/para-empresas/soluciones-financiacion-estructurada,https://www.bancodebogota.com/empresas/soluciones-financiacion-estructurada,1,http_3xx,200
https://www.bancodebogota.com/wps/portal/banco-de-bogota/bogota/productos/para-ti/bienes-e-inmuebles-catalogo,https://www.bancodebogota.com/personas/bienes-e-inmuebles,1,http_3xx,200
https://www.bancodebogota.com/wps/portal/banco-de-bogota/bogota/productos/para-ti/cdt-e-inversion,https://www.bancodebogota.com/personas/cdt,1,http_3xx,200
https://www.bancodebogota.com/wps/portal/banco-de-bogota/bogota/productos/para-ti/cdt-e-inversion/cdt-confianza,https://www.bancodebogota.com/personas/cdt,2,http_3xx,200
https://www.bancodebogota.com/wps/portal/banco-de-bogota/bogota/productos/para-ti/cdt-e-inversion/cdt-tradicional,https://www.bancodebogota.com/personas/cdt/tradicional,1,http_3xx,200
https://www.bancodebogota.com/wps/portal/banco-de-bogota/bogota/productos/para-ti/creditos-y-financiacion,https://www.bancodebogota.com/personas/creditos,1,http_3xx,200
https://www.bancodebogota.com/wps/portal/banco-de-bogota/bogota/productos/para-ti/creditos-y-financiacion/credito,https://www.bancodebogota.com/personas/creditos/tipos-de-credito,1,http_3xx,200
https://www.bancodebogota.com/wps/portal/banco-de-bogota/bogota/productos/para-ti/creditos-y-financiacion/credito-libre-destino,https://www.bancodebogota.com/personas/creditos/libre-inversion,1,http_3xx,200
https://www.bancodebogota.com/wps/portal/banco-de-bogota/bogota/productos/para-ti/creditos-y-financiacion/credito-para-vehiculo,https://www.bancodebogota.com/personas/creditos/vehiculo,1,http_3xx,200
https://www.bancodebogota.com/wps/portal/banco-de-bogota/bogota/productos/para-ti/creditos-y-financiacion/credito-vivienda,https://www.bancodebogota.com/personas/creditos/portafolio-vivienda/vivienda,2,http_3xx,200
https://www.bancodebogota.com/wps/portal/banco-de-bogota/bogota/productos/para-ti/creditos-y-financiacion/leasing/leasing-habitacional,https://www.bancodebogota.com/personas/leasing/habitacional,1,http_3xx,200
https://www.bancodebogota.com/wps/portal/banco-de-bogota/bogota/productos/para-ti/creditos-y-financiacion/leasing/todos-los-productos-leasing,https://www.bancodebogota.com/personas/leasing,1,http_3xx,200
https://www.bancodebogota.com/wps/portal/banco-de-bogota/bogota/productos/para-ti/creditos-y-financiacion/prestamo-vivienda,https://www.bancodebogota.com/personas/creditos/portafolio-vivienda/vivienda,2,http_3xx,200
https://www.bancodebogota.com/wps/portal/banco-de-bogota/bogota/productos/para-ti/cuenta-corriente,https://www.bancodebogota.com/personas/cuenta-corriente,1,http_3xx,200
https://www.bancodebogota.com/wps/portal/banco-de-bogota/bogota/productos/para-ti/cuenta-de-ahorros,https://www.bancodebogota.com/personas/cuenta-de-ahorros,1,http_3xx,200
https://www.bancodebogota.com/wps/portal/banco-de-bogota/bogota/productos/para-ti/cuenta-de-ahorros/alcancias,https://www.bancodebogota.com/personas/cuenta-de-ahorros/alcancias,1,http_3xx,200
https://www.bancodebogota.com/wps/portal/banco-de-bogota/bogota/productos/para-ti/cuenta-de-ahorros/cuenta-ahorros-afc,https://www.bancodebogota.com/personas/cuenta-de-ahorros/afc,1,http_3xx,200
https://www.bancodebogota.com/wps/portal/banco-de-bogota/bogota/productos/para-ti/cuenta-de-ahorros/cuenta-de-ahorros-aventura,https://www.bancodebogota.com/personas/cuenta-de-ahorros/aventura,1,http_3xx,200
https://www.bancodebogota.com/wps/portal/banco-de-bogota/bogota/productos/para-ti/cuenta-de-ahorros/remesas-internacionales,https://www.bancodebogota.com/personas/cuenta-de-ahorros/remesas-internacionales,1,http_3xx,200
https://www.bancodebogota.com/wps/portal/banco-de-bogota/bogota/productos/para-ti/cuenta-de-ahorros/todas-las-cuentas-de-ahorros,https://www.bancodebogota.com/personas/cuenta-de-ahorros,1,http_3xx,200
https://www.bancodebogota.com/wps/portal/banco-de-bogota/bogota/productos/para-ti/seguros,https://www.bancodebogota.com/personas/seguros,1,http_3xx,200
https://www.bancodebogota.com/wps/portal/banco-de-bogota/bogota/productos/para-ti/seguros/proteccion-integral-familia,https://www.bancodebogota.com/personas/seguros/proteccion-integral-familia,1,http_3xx,200
https://www.bancodebogota.com/wps/portal/banco-de-bogota/bogota/productos/para-ti/tarjetas-de-credito,https://www.bancodebogota.com/personas/tarjetas-de-credito,1,http_3xx,200
https://www.bancodebogota.com/wps/portal/banco-de-bogota/bogota/productos/para-ti/tarjetas-de-credito/asistencias-tarjetas-de-credito,https://www.bancodebogota.com/personas/tarjetas-de-credito/asistencias,1,http_3xx,200
https://www.bancodebogota.com/wps/portal/banco-de-bogota/bogota/productos/para-ti/tarjetas-de-credito/tarjeta-clasica,https://www.bancodebogota.com/personas/tarjetas-de-credito/clasica,1,http_3xx,200
https://www.bancodebogota.com/wps/portal/banco-de-bogota/bogota/productos/para-ti/tarjetas-de-credito/todas-las-tarjetas-credito/,https://www.bancodebogota.com/personas/tarjetas-de-credito,1,http_3xx,200
https://www.bancodebogota.com/wps/portal/banco-de-bogota/bogota/productos/para-ti/tarjetas-debito,https://www.bancodebogota.com/personas/cuenta-de-ahorros/tarjetas-debito,1,http_3xx,200
https://www.bancodebogota.com/wps/portal/banco-de-bogota/bogota/productos/para-ti/tarjetas-debito/codigo-cvv-tarjeta-debito,https://www.bancodebogota.com/personas/cuenta-de-ahorros/tarjetas-debito/codigo-cvv,1,http_3xx,200
https://www.bancodebogota.com/wps/portal/banco-de-bogota/bogota/productos/para-ti/tarjetas-debito/tarjeta-debito-amazonia,https://www.bancodebogota.com/personas/cuenta-de-ahorros/tarjetas-debito/amazonia,1,http_3xx,200
https://www.bancodebogota.com/wps/portal/banco-de-bogota/bogota/productos/para-ti/tarjetas-debito/tarjeta-debito-electron,https://www.bancodebogota.com/personas/cuenta-de-ahorros/tarjetas-debito/clasica,1,http_3xx,200
https://www.bancodebogota.com/wps/portal/banco-de-bogota/bogota/productos/para-ti/tarjetas-debito/todas-las-tarjetas-debito,https://www.bancodebogota.com/personas/cuenta-de-ahorros/tarjetas-debito,1,http_3xx,200
https://www.bancodebogota.com/wps/portal/banco-de-bogota/bogota/productos/para-ti/tasas-y-tarifas,https://www.bancodebogota.com/tasas-y-tarifas,1,http_3xx,200
https://www.bancodebogota.com/wps/portal/banco-de-bogota/bogota/productos/para-ti/tasas-y-tarifas/tarifas-personas,https://www.bancodebogota.com/tasas-y-tarifas/tarifas-personas,1,http_3xx,200
https://www.bancodebogota.com/wps/portal/banco-de-bogota/bogota/terminos-condiciones,https://www.bancodebogota.com/personas/informacion-productos-servicios/terminos-condiciones,1,http_3xx,200
https://www.bancodebogota.com/wps/themes/html/banco-de-bogota/landings/abastecimiento/index.html,https://www.bancodebogota.com/s/banco-de-bogota/landings/abastecimiento/index.html,1,http_3xx,200
https://www.bancodebogota.com/wps/themes/html/banco-de-bogota/landings/activa-tu-tarjeta/index.html,https://www.bancodebogota.com/s/banco-de-bogota/landings/activa-tu-tarjeta/index.html,1,http_3xx,404
https://www.bancodebogota.com/wps/themes/html/banco-de-bogota/landings/asistencias-tarjetas/index.html,https://www.bancodebogota.com/personas/cuenta-de-ahorros/tarjetas-debito/asistencias-tarjeta-debito,2,http_3xx,200
https://www.bancodebogota.com/wps/themes/html/banco-de-bogota/landings/asistencias-tarjetas/tarjetas-credito-empresariales.html,https://www.bancodebogota.com/documents/d/guest/beneficios-asistencias-tarjeta-de-credito-empresarial,2,http_3xx,200
https://www.bancodebogota.com/wps/themes/html/banco-de-bogota/landings/asistencias-tarjetas/tarjetas-credito-natural-clasica-gold.html,https://www.bancodebogota.com/s/banco-de-bogota/landings/asistencias-tarjetas/tarjetas-credito-natural-clasica-gold.html,1,http_3xx,200
https://www.bancodebogota.com/wps/themes/html/banco-de-bogota/landings/asistencias-tarjetas/tarjetas-credito-natural-premium.html,https://www.bancodebogota.com/s/banco-de-bogota/landings/asistencias-tarjetas/tarjetas-credito-natural-premium.html,1,http_3xx,200
https://www.bancodebogota.com/wps/themes/html/banco-de-bogota/landings/cuota-manejo-premium/index.html,https://www.bancodebogota.com/s/banco-de-bogota/landings/cuota-manejo-premium/index.html,1,http_3xx,200
https://www.bancodebogota.com/wps/themes/html/banco-de-bogota/landings/debito-internet/index.html,https://www.bancodebogota.com/s/banco-de-bogota/landings/debito-internet/index.html,1,http_3xx,200
https://www.bancodebogota.com/wps/themes/html/banco-de-bogota/landings/emase-nomina/index.html,https://www.bancodebogota.com/s/banco-de-bogota/landings/emase-nomina/index.html,1,http_3xx,200
https://www.bancodebogota.com/wps/themes/html/banco-de-bogota/landings/experiencias-aval/index.html,https://www.bancodebogota.com/personas/experiencias-aval,2,http_3xx,200
https://www.bancodebogota.com/wps/themes/html/banco-de-bogota/landings/facturacion/index.html,https://www.bancodebogota.com/s/banco-de-bogota/landings/facturacion/index.html,1,http_3xx,200
https://www.bancodebogota.com/wps/themes/html/banco-de-bogota/landings/infografia-canales/index.html,https://www.bancodebogota.com/s/banco-de-bogota/landings/infografia-canales/index.html,1,http_3xx,200
https://www.bancodebogota.com/wps/themes/html/banco-de-bogota/landings/landing-apple-pay/index.html,https://www.bancodebogota.com/atencion-al-cliente/canales/transacciones/apple-pay,2,http_3xx,200
https://www.bancodebogota.com/wps/themes/html/banco-de-bogota/landings/landing-apple-pay/index.html?gad_source=1&gad_campaignid=22470271369&gbraid=0AAAAAqCvJkdRdR8x7QfLNDN0nmsf0k-ar,https://www.bancodebogota.com/atencion-al-cliente/canales/transacciones/apple-pay,2,http_3xx,200
https://www.bancodebogota.com/wps/themes/html/banco-de-bogota/landings/landing-emase/index.html,https://www.bancodebogota.com/s/banco-de-bogota/landings/landing-emase/index.html,1,http_3xx,200
https://www.bancodebogota.com/wps/themes/html/banco-de-bogota/landings/linea-etica/,https://www.bancodebogota.com/s/banco-de-bogota/landings/linea-etica/index.html,2,http_3xx,200
https://www.bancodebogota.com/wps/themes/html/banco-de-bogota/landings/oficinas-servir/index.html,https://www.bancodebogota.com/s/banco-de-bogota/landings/oficinas-servir/index.html,1,http_3xx,200
https://www.bancodebogota.com/wps/themes/html/banco-de-bogota/landings/oficinas-servir/oficinas.html,https://www.bancodebogota.com/s/banco-de-bogota/landings/oficinas-servir/oficinas.html,1,http_3xx,200
https://www.bancodebogota.com/wps/themes/html/banco-de-bogota/landings/pqrs/index.html,https://www.bancodebogota.com/atencion-al-cliente/pqrs,1,http_3xx,200
https://www.bancodebogota.com/wps/themes/html/banco-de-bogota/landings/reglamentos/movistar/index.html,https://www.bancodebogota.com/s/banco-de-bogota/landings/reglamentos/movistar/index.html,1,http_3xx,200
https://www.bancodebogota.com/wps/themes/html/banco-de-bogota/landings/revista-educacion-financiera/index.html,https://www.bancodebogota.com/s/banco-de-bogota/landings/revista-educacion-financiera/index.html,1,http_3xx,200
https://www.bancodebogota.com/wps/themes/html/banco-de-bogota/landings/te-escuchamos/index.html,https://www.bancodebogota.com/s/banco-de-bogota/landings/te-escuchamos/index.html,1,http_3xx,200
https://www.bancodebogota.com/wps/themes/html/banco-de-bogota/landings/terminos-y-condiciones/alianza-0-interes-claro/index.html,https://www.bancodebogota.com/tyc/2025-alianza-0-interes-claro,2,http_3xx,200
https://www.bancodebogota.com/wps/themes/html/banco-de-bogota/landings/terminos-y-condiciones/cashback-nomina/index.html,https://www.bancodebogota.com/s/banco-de-bogota/landings/terminos-y-condiciones/cashback-nomina/index.html,1,http_3xx,200
https://www.bancodebogota.com/wps/themes/html/banco-de-bogota/landings/terminos-y-condiciones/cashback-primera-compra/index.html,https://www.bancodebogota.com/s/banco-de-bogota/landings/terminos-y-condiciones/cashback-primera-compra/index.html,1,http_3xx,200
https://www.bancodebogota.com/wps/themes/html/banco-de-bogota/landings/terminos-y-condiciones/cero-pay/index.html,https://www.bancodebogota.com/s/banco-de-bogota/landings/terminos-y-condiciones/cero-pay/index.html,1,http_3xx,200
https://www.bancodebogota.com/wps/themes/html/banco-de-bogota/landings/terminos-y-condiciones/el-que-ahorra-gana/index.html,https://www.bancodebogota.com/tyc/2025-el-que-ahorra-gana,2,http_3xx,200
https://www.bancodebogota.com/wps/themes/html/banco-de-bogota/landings/terminos-y-condiciones/la-cuenta-que-tu-camello-merece/index.html,https://www.bancodebogota.com/tyc/2025-la-cuenta-que-tu-camello-merece,2,http_3xx,200
https://www.bancodebogota.com/wps/themes/html/banco-de-bogota/landings/terminos-y-condiciones/mac-center-0-intereses/index.html,https://www.bancodebogota.com/tyc/2025-mac-center-0-intereses,2,http_3xx,200
https://www.bancodebogota.com/wps/themes/html/banco-de-bogota/landings/terminos-y-condiciones/mas-de-una-vez-latam-cashback/index.html,https://www.bancodebogota.com/s/banco-de-bogota/landings/terminos-y-condiciones/mas-de-una-vez-latam-cashback/index.html,1,http_3xx,200
https://www.bancodebogota.com/wps/themes/html/banco-de-bogota/landings/terminos-y-condiciones/mas-de-una-vez-latam/index.html,https://www.bancodebogota.com/s/banco-de-bogota/landings/terminos-y-condiciones/mas-de-una-vez-latam/index.html,1,http_3xx,200
https://www.bancodebogota.com/wps/themes/html/banco-de-bogota/landings/terminos-y-condiciones/reglamento-tc-biomax/index.html,https://www.bancodebogota.com/s/banco-de-bogota/landings/terminos-y-condiciones/reglamento-tc-biomax/index.html,1,http_3xx,200
https://www.bancodebogota.com/wps/themes/html/banco-de-bogota/landings/terminos-y-condiciones/servicio-click-topay/index.html,https://www.bancodebogota.com/s/banco-de-bogota/landings/terminos-y-condiciones/servicio-click-topay/index.html,1,http_3xx,200
https://www.bancodebogota.com/wps/themes/html/banco-de-bogota/landings/terminos-y-condiciones/tc-0-i-shop-colombia/index.html,https://www.bancodebogota.com/tyc/2025-tc-0-ishop-colombia,2,http_3xx,200
https://www.bancodebogota.com/wps/themes/html/banco-de-bogota/landings/terminos-y-condiciones/temporada-de-nomina/index.html,https://www.bancodebogota.com/s/banco-de-bogota/landings/terminos-y-condiciones/temporada-de-nomina/index.html,1,http_3xx,404
https://www.bancodebogota.com/wps/themes/html/banco-de-bogota/landings/terminos-y-condiciones/transfiya/index.html,https://www.bancodebogota.com/s/banco-de-bogota/landings/terminos-y-condiciones/transfiya/index.html,1,http_3xx,200
https://www.bancodebogota.com/wps/themes/html/banco-de-bogota/landings/transfiya/index.html,https://www.bancodebogota.com/personas/servicio-transfiya,2,http_3xx,200
https://www.bancodebogota.com/wps/themes/html/banco-de-bogota/landings/visa-airport-companion/index.html,https://www.bancodebogota.com/personas/tarjetas-de-credito/asistencias/visa-airport-companion,2,http_3xx,200
https://www.bancodebogota.com/wps/themes/html/digital/credito-vehiculo-hibrido-electrico/index.html,https://www.bancodebogota.com/personas/creditos/vehiculo,2,http_3xx,200
https://www.bancodebogota.com/wps/themes/html/minisitios/alianzas-web/,https://www.bancodebogota.com/s/minisitios/alianzas-web/,3,http_3xx,404
https://www.bancodebogota.com/wps/themes/html/minisitios/alianzas-web/promociones.html,https://www.bancodebogota.com/s/minisitios/alianzas-web/promociones.html,1,http_3xx,404
https://www.bancodebogota.com/wps/themes/html/minisitios/alianzas/beneficios-franquicia.html,https://www.bancodebogota.com/alianzas/crediconvenio,2,http_3xx,200
https://www.bancodebogota.com/wps/themes/html/minisitios/alianzas/calidad-de-vida.html,https://www.bancodebogota.com/alianzas/crediconvenio,2,http_3xx,200
https://www.bancodebogota.com/wps/themes/html/minisitios/alianzas/educacion.html,https://www.bancodebogota.com/alianzas/crediconvenio,2,http_3xx,200
https://www.bancodebogota.com/wps/themes/html/minisitios/alianzas/hogar.html,https://www.bancodebogota.com/alianzas/crediconvenio,2,http_3xx,200
https://www.bancodebogota.com/wps/themes/html/minisitios/alianzas/index.html,https://www.bancodebogota.com/alianzas,2,http_3xx,200
https://www.bancodebogota.com/wps/themes/html/minisitios/alianzas/movilidad.html,https://www.bancodebogota.com/alianzas/crediconvenio,2,http_3xx,200
https://www.bancodebogota.com/wps/themes/html/minisitios/alianzas/tecnologia.html,https://www.bancodebogota.com/alianzas/crediconvenio,2,http_3xx,200
https://www.bancodebogota.com/wps/themes/html/minisitios/alianzas/turismo.html,https://www.bancodebogota.com/alianzas/crediconvenio,2,http_3xx,200
https://www.bancodebogota.com/wps/themes/html/minisitios/canales/activaciones-bloqueos/bloqueo-td/servilinea.html,https://www.bancodebogota.com/s/minisitios/canales/activaciones-bloqueos/bloqueo-td/servilinea.html,1,http_3xx,200
https://www.bancodebogota.com/wps/themes/html/minisitios/canales/descarga-documentos/extractos/banca-virtual.html,https://www.bancodebogota.com/s/minisitios/canales/descarga-documentos/extractos/banca-virtual.html,1,http_3xx,200
https://www.bancodebogota.com/wps/themes/html/minisitios/canales/index.html,https://www.bancodebogota.com/s/minisitios/canales/index.html,1,http_3xx,200
https://www.bancodebogota.com/wps/themes/html/minisitios/canales/pagos-recargas/impuestos-dian/banca-movil.html,https://www.bancodebogota.com/s/minisitios/canales/pagos-recargas/impuestos-dian/banca-movil.html,1,http_3xx,200
https://www.bancodebogota.com/wps/themes/html/minisitios/canales/pagos-recargas/impuestos-dian/banca-virtual.html,https://www.bancodebogota.com/s/minisitios/canales/pagos-recargas/impuestos-dian/banca-virtual.html,1,http_3xx,200
https://www.bancodebogota.com/wps/themes/html/minisitios/conexion-en-linea/index.html,https://www.bancodebogota.com/s/minisitios/conexion-en-linea/index.html,1,http_3xx,200
https://www.bancodebogota.com/wps/themes/html/minisitios/libranzas/index.html,https://www.bancodebogota.com/s/minisitios/libranzas/index.html,1,http_3xx,200
https://www.bancodebogota.com/wps/themes/html/minisitios/sostenibilidad/,https://www.bancodebogota.com/s/minisitios/sostenibilidad/,3,http_3xx,404
https://www.bancodebogota.com/wps/themes/html/minisitios/sostenibilidad/educacion-financiera.html,https://www.bancodebogota.com/sostenibilidad/social,2,http_3xx,200
https://www.bancodebogota.com/wps/themes/html/minisitios/sostenibilidad/en/index.html,https://www.bancodebogota.com/sustainability,2,http_3xx,200
https://www.bancodebogota.com/wps/themes/html/minisitios/sostenibilidad/index.html,https://www.bancodebogota.com/sostenibilidad,2,http_3xx,200
https://www.bancodebogota.com/wps/themes/html/minisitios/tarifas-en-moneda-extranjera-2021-2022/index.html,https://www.bancodebogota.com/s/minisitios/tarifas-en-moneda-extranjera-2021-2022/index.html,1,http_3xx,200
https://www.bancodebogota.com/wps/themes/html/minisitios/tarifas-en-moneda-extranjera-2022-2023/index.html,https://www.bancodebogota.com/s/minisitios/tarifas-en-moneda-extranjera-2022-2023/index.html,1,http_3xx,200
https://www.bancodebogota.com/wps/themes/html/minisitios/tarifas-en-moneda-extranjera-2023-2024/index.html,https://www.bancodebogota.com/s/minisitios/tarifas-en-moneda-extranjera-2023-2024/index.html,1,http_3xx,200
https://www.bancodebogota.com/wps/themes/html/minisitios/tarifas-en-moneda-extranjera-2024-2025/index.html,https://www.bancodebogota.com/s/minisitios/tarifas-en-moneda-extranjera-2024-2025/index.html,1,http_3xx,200
https://www.bancodebogota.com/wps/themes/html/minisitios/tarifas-internacionales-2018/index.html,https://www.bancodebogota.com/s/minisitios/tarifas-internacionales-2018/index.html,1,http_3xx,200
https://www.bancodebogota.com/wps/themes/html/minisitios/tarifas-internacionales-2019-2020/index.html,https://www.bancodebogota.com/s/minisitios/tarifas-internacionales-2019-2020/index.html,1,http_3xx,200
https://www.bancodebogota.com/wps/themes/html/minisitios/tarifas-internacionales-2019/index.html,https://www.bancodebogota.com/s/minisitios/tarifas-internacionales-2019/index.html,1,http_3xx,200
https://www.bancodebogota.com/wps/themes/html/minisitios/tarifas-internacionales-2020-2021/index.html,https://www.bancodebogota.com/s/minisitios/tarifas-internacionales-2020-2021/index.html,1,http_3xx,200
https://www.bancodebogota.com/wps/themes/html/pop-ups/correo-seguro/correoseguro.htm,https://www.bancodebogota.com/s/pop-ups/correo-seguro/correoseguro.htm,1,http_3xx,200
